participant_id,language,depression_label,pitch_mean_hz,pitch_std_hz,speaking_rate_syllables_sec,pause_ratio,energy_mean,energy_std,mfcc_1,mfcc_2,spectral_centroid_hz,zero_crossing_rate,split
P001,English,1,165.8479,34.953,4.357,0.2533,0.574,0.1484,-10.5145,4.6317,1973.0113,0.0732,test
P001,Malayalam,1,163.249,36.2204,4.1236,0.2595,0.5344,0.1253,-11.4625,4.0568,2155.4314,0.089,test
P002,English,0,190.3992,40.0209,4.6259,0.184,0.5997,0.1558,-12.4897,4.4296,2295.9382,0.0859,train
P002,Malayalam,0,188.257,39.9287,4.6945,0.1727,0.6187,0.1777,-11.7458,4.9914,2155.0634,0.0779,train
P003,English,1,156.2037,41.2569,4.0785,0.2626,0.5174,0.1493,-10.492,3.8217,2076.3314,0.0731,train
P003,Malayalam,1,161.0389,36.09,4.0179,0.2308,0.5443,0.1558,-10.522,3.8407,2105.7244,0.0848,train
P004,English,1,161.0144,39.2126,4.3253,0.273,0.5446,0.1278,-11.8945,4.7255,2235.1299,0.0759,train
P004,Malayalam,1,161.2754,39.9229,4.0949,0.2366,0.5561,0.1361,-10.6541,3.8183,2110.3817,0.0854,train
P005,English,0,182.8475,37.8997,4.7972,0.1674,0.5895,0.1512,-12.2673,4.958,2080.6247,0.0852,validation
P005,Malayalam,0,178.4851,41.3447,4.9549,0.1881,0.6534,0.1585,-12.4068,4.3881,2221.8247,0.0861,validation
P006,English,1,159.1088,37.4565,4.5734,0.2782,0.5187,0.1371,-11.9708,3.6046,2108.4045,0.0842,train
P006,Malayalam,1,155.9805,35.6917,3.8737,0.2476,0.5134,0.1347,-11.3515,3.8529,1921.8044,0.0682,train
P007,English,1,163.2381,34.8064,4.632,0.2936,0.5107,0.1363,-10.5268,4.7643,1991.1829,0.0755,train
P007,Malayalam,1,171.6471,37.8695,4.3,0.248,0.5056,0.1376,-10.8631,4.0161,2030.0206,0.0798,train
P008,English,1,165.6599,37.7035,4.3086,0.25,0.522,0.1432,-10.8778,4.9466,2221.6019,0.0793,test
P008,Malayalam,1,162.1359,34.7752,4.4793,0.2539,0.552,0.1226,-9.908,4.1272,1980.0612,0.0742,test
P009,English,0,181.001,41.4157,4.7977,0.1762,0.6238,0.1747,-14.0533,4.3816,2215.8861,0.0868,train
P009,Malayalam,0,179.4535,38.4866,4.8624,0.2059,0.5817,0.1686,-12.1128,4.4693,2105.2391,0.083,train
P010,English,0,186.2308,45.4646,5.0416,0.1866,0.6636,0.1644,-11.3376,4.3517,2205.9891,0.0808,validation
P010,Malayalam,0,188.0085,39.6434,4.9824,0.1771,0.6493,0.1675,-10.3935,4.8654,2058.5164,0.0846,validation
P011,English,0,174.4109,45.0225,4.837,0.1695,0.5947,0.1603,-12.9732,4.1644,2228.0809,0.0919,validation
P011,Malayalam,0,179.069,37.4174,4.7871,0.1811,0.6303,0.1762,-13.5006,4.2044,2253.1816,0.0755,validation
P012,English,1,167.9013,38.6932,4.2382,0.2622,0.5667,0.1423,-10.6125,4.0352,2002.2989,0.0761,train
P012,Malayalam,1,165.9678,37.7668,4.4738,0.2341,0.5369,0.1548,-11.2449,3.4889,2098.2076,0.0821,train
P013,English,1,167.3501,38.7136,4.3768,0.2583,0.5982,0.1379,-12.4028,4.7021,2038.8071,0.0776,train
P013,Malayalam,1,167.4225,33.7955,4.0628,0.226,0.5201,0.1444,-10.2306,4.0381,1952.8511,0.0631,train
P014,English,1,160.276,37.9188,4.358,0.2521,0.559,0.1423,-10.3759,3.5477,2063.835,0.0782,train
P014,Malayalam,1,165.5952,36.2125,4.3309,0.246,0.5371,0.1483,-12.2444,3.2518,1946.6033,0.063,train
P015,English,0,180.9629,41.4302,4.7958,0.1963,0.6532,0.1593,-10.9171,4.5461,2124.6342,0.0814,train
P015,Malayalam,0,172.1931,40.2237,4.7124,0.1921,0.663,0.1462,-11.5357,3.9797,2242.7227,0.0842,train
P016,English,0,178.2205,40.79,4.6284,0.164,0.6036,0.1643,-12.1514,4.6643,2232.573,0.0929,train
P016,Malayalam,0,173.2861,39.0463,4.8685,0.175,0.6479,0.1638,-11.9549,4.6744,2375.5911,0.0975,train
P017,English,0,180.8489,44.1525,4.6766,0.185,0.6194,0.1631,-12.6667,3.7052,2013.4315,0.0783,test
P017,Malayalam,0,178.5234,41.4136,5.0941,0.1966,0.5959,0.1635,-12.1757,4.3578,2216.6793,0.0887,test
P018,English,0,183.2376,39.7161,4.784,0.219,0.6256,0.1743,-11.9268,4.7904,2194.8895,0.084,train
P018,Malayalam,0,176.0143,42.8606,4.6553,0.19,0.6471,0.1637,-12.079,4.727,2172.2194,0.0906,train
P019,English,1,155.1634,33.0184,3.9342,0.2705,0.5624,0.1328,-12.002,2.4177,2031.0854,0.0915,train
P019,Malayalam,1,158.3953,35.8809,4.2282,0.2266,0.5326,0.141,-10.7189,4.2954,2111.0181,0.081,train
P020,English,1,163.5261,40.2579,4.0701,0.2367,0.5734,0.1381,-9.6769,3.6787,2210.9541,0.0778,train
P020,Malayalam,1,161.1178,40.1294,4.1613,0.2359,0.5288,0.1445,-11.9026,4.2187,2031.5106,0.0839,train
P021,English,1,151.671,33.6271,4.0064,0.2537,0.5355,0.1375,-10.9273,4.0017,1989.2318,0.0812,test
P021,Malayalam,1,157.6179,37.7701,4.2138,0.2544,0.5909,0.1391,-10.8957,3.5232,1987.0964,0.0695,test
P022,English,0,177.0509,42.6686,4.7632,0.1685,0.6425,0.1674,-12.1277,4.1735,2249.3585,0.0861,train
P022,Malayalam,0,171.6911,41.864,4.7949,0.1665,0.6247,0.1455,-10.7811,5.124,2177.2734,0.0872,train
P023,English,1,150.1448,36.4124,3.9687,0.2607,0.5899,0.1282,-11.47,4.0177,2225.0005,0.0697,train
P023,Malayalam,1,155.9164,40.6426,3.8817,0.2308,0.5294,0.1348,-9.9999,4.0208,1920.2534,0.0801,train
P024,English,1,165.3652,35.7448,4.1256,0.2581,0.5591,0.1445,-12.1485,4.169,1986.9123,0.0784,validation
P024,Malayalam,1,154.7224,37.8926,4.1001,0.2308,0.5578,0.1424,-11.1412,4.6256,2040.3413,0.0772,validation
P025,English,1,160.3281,37.9423,4.1834,0.2438,0.5741,0.1296,-12.7302,4.7055,2309.4395,0.0746,train
P025,Malayalam,1,155.2094,36.379,4.2205,0.2472,0.5122,0.1458,-10.2304,3.1528,2142.9277,0.0893,train
P026,English,0,179.1666,41.716,4.9009,0.154,0.6241,0.1561,-10.5217,4.4129,2350.1099,0.0784,validation
P026,Malayalam,0,183.0149,42.6388,4.6782,0.1827,0.6503,0.1568,-13.2036,4.4912,2118.7819,0.0829,validation
P027,English,0,172.9326,38.7687,4.8682,0.1722,0.5559,0.1678,-11.7821,4.1431,2081.4853,0.09,train
P027,Malayalam,0,181.3026,46.7652,4.8589,0.1858,0.6158,0.1682,-11.3499,5.1259,2153.0809,0.0824,train
P028,English,0,181.7259,44.9967,4.7072,0.1736,0.6279,0.1575,-11.2384,3.3741,2125.5965,0.0803,test
P028,Malayalam,0,169.4313,40.0727,4.6388,0.177,0.6478,0.1575,-12.6747,4.4715,2294.4256,0.0791,test
P029,English,0,179.5025,41.5569,4.8516,0.1798,0.6375,0.1496,-12.0097,4.3947,2090.5698,0.0756,train
P029,Malayalam,0,180.1613,41.2981,4.6011,0.1786,0.6482,0.1372,-13.0473,4.0386,2331.5061,0.0867,train
P030,English,1,159.7413,34.7609,4.3555,0.2509,0.5537,0.1381,-10.5775,3.9791,2149.9991,0.0818,train
P030,Malayalam,1,157.9725,32.5055,4.4386,0.2678,0.5145,0.1214,-10.5708,4.3654,2241.7835,0.0801,train
P031,English,1,157.3123,37.0229,4.1865,0.2348,0.5912,0.1579,-9.8912,3.4396,2156.9517,0.0808,train
P031,Malayalam,1,162.805,39.4993,4.3267,0.2611,0.5559,0.1434,-12.0769,3.9418,2029.9427,0.0693,train
P032,English,1,173.9614,39.7184,4.3724,0.2703,0.5403,0.142,-11.6748,4.0985,2085.4347,0.0692,validation
P032,Malayalam,1,166.9907,36.8405,4.6037,0.2634,0.5403,0.1425,-10.6146,3.7985,1982.5816,0.0761,validation
P033,English,0,172.7604,43.0224,4.8214,0.1532,0.6169,0.17,-11.1526,5.0129,2203.5022,0.0799,train
P033,Malayalam,0,173.5769,42.6892,4.8196,0.1993,0.6475,0.1587,-12.8454,4.3404,2219.5508,0.0838,train
P034,English,0,179.2779,40.9921,4.6769,0.1847,0.61,0.1624,-11.7814,3.9303,2156.6883,0.0936,train
P034,Malayalam,0,173.768,37.7667,4.4918,0.1804,0.6208,0.1588,-10.8786,3.1636,2235.634,0.0944,train
P035,English,0,175.0974,40.4942,4.6095,0.1751,0.6557,0.1784,-12.2688,5.4525,2203.2019,0.0955,train
P035,Malayalam,0,176.3935,42.2621,4.7984,0.2277,0.6413,0.1529,-11.0748,4.3191,2155.9225,0.0905,train
P036,English,0,181.2076,42.028,4.852,0.1864,0.5716,0.1667,-12.7856,3.7789,2194.743,0.0855,test
P036,Malayalam,0,177.4692,43.6621,4.6002,0.1739,0.6054,0.1595,-11.6269,3.9961,2265.1854,0.0854,test
P037,English,0,166.4898,41.9754,4.6723,0.1784,0.6193,0.1623,-11.2419,3.9444,2094.5226,0.0784,test
P037,Malayalam,0,175.6298,44.4899,4.6407,0.1425,0.5774,0.1517,-12.2962,4.2958,2203.4723,0.0831,test
P038,English,0,180.4439,40.2754,4.9243,0.157,0.6297,0.161,-12.118,5.2941,2144.0013,0.0974,train
P038,Malayalam,0,182.3963,39.446,4.863,0.1639,0.6012,0.164,-11.4055,4.1889,2288.8665,0.0919,train
P039,English,0,186.4266,44.7269,4.5897,0.1752,0.5983,0.1612,-12.4572,4.4169,2369.3957,0.084,validation
P039,Malayalam,0,186.1141,41.5355,4.8832,0.1801,0.6312,0.1717,-10.5321,4.6548,2253.0592,0.0781,validation
P040,English,1,165.4975,38.7319,4.2773,0.2633,0.5523,0.152,-10.5685,3.7222,2110.2257,0.0594,test
P040,Malayalam,1,163.4179,29.7032,3.9871,0.2568,0.5519,0.1284,-11.2197,4.5853,2036.4373,0.0905,test
P041,English,0,181.6264,45.2337,4.8196,0.165,0.6173,0.1596,-13.0918,4.3721,2133.2027,0.0905,train
P041,Malayalam,0,180.2827,41.4344,4.784,0.1833,0.6354,0.15,-12.6833,5.0523,2162.8897,0.0765,train
P042,English,1,165.1849,33.9386,4.3066,0.261,0.5494,0.1463,-11.9234,4.0655,2052.7642,0.0741,validation
P042,Malayalam,1,166.9637,39.9585,4.5413,0.2697,0.5373,0.1435,-10.0365,3.9606,2091.7688,0.0819,validation
P043,English,1,158.905,36.1711,4.3421,0.25,0.5485,0.1467,-11.0999,4.2781,2114.0958,0.0696,train
P043,Malayalam,1,167.7414,35.9985,3.9988,0.2343,0.5145,0.1405,-10.8691,3.7316,2135.7732,0.079,train
P044,English,0,182.5875,43.2323,4.4996,0.1745,0.5655,0.1604,-12.0037,5.0228,2306.8871,0.0862,train
P044,Malayalam,0,179.0967,42.9703,4.7366,0.18,0.6447,0.1544,-11.2055,4.8387,2114.0687,0.0908,train
P045,English,1,164.5034,35.4754,4.156,0.2419,0.5536,0.1304,-10.45,3.2791,2061.6338,0.0777,train
P045,Malayalam,1,174.0262,34.2454,4.5057,0.2522,0.5503,0.1412,-10.2942,3.8232,2210.8645,0.0743,train
P046,English,1,162.8192,36.8795,4.1458,0.2568,0.5761,0.1392,-10.9575,3.3427,2059.3637,0.0674,train
P046,Malayalam,1,161.8952,37.4536,4.5045,0.2921,0.5253,0.1544,-10.455,3.8244,2118.9335,0.0774,train
P047,English,0,178.6979,39.2038,4.574,0.1898,0.6131,0.154,-11.9932,4.8975,2216.2328,0.0811,train
P047,Malayalam,0,185.3864,45.1584,4.8797,0.1946,0.651,0.1713,-11.3587,4.7992,2246.7695,0.0784,train
P048,English,0,176.6789,40.4108,5.0306,0.1926,0.6572,0.1573,-12.9218,4.3798,2209.1828,0.0855,train
P048,Malayalam,0,186.7869,41.2775,4.8878,0.1652,0.6313,0.16,-12.4499,4.3821,2183.4242,0.0834,train
P049,English,1,166.9202,36.5122,4.0239,0.2366,0.5334,0.1331,-9.6946,3.8175,2195.96,0.0774,train
P049,Malayalam,1,167.6129,36.8224,4.3391,0.2758,0.482,0.12,-11.0845,3.9073,2142.1094,0.0798,train
P050,English,0,182.9234,44.0604,4.8084,0.1944,0.6268,0.1544,-11.4417,4.5553,2200.1206,0.0938,validation
P050,Malayalam,0,169.1938,39.1646,4.6027,0.1746,0.6136,0.1449,-12.6381,4.0696,2421.1682,0.0958,validation
P051,English,0,177.3104,39.7016,4.4932,0.1782,0.5951,0.1592,-13.2802,4.119,2213.3764,0.0872,validation
P051,Malayalam,0,180.5846,39.359,4.9076,0.168,0.6358,0.1599,-12.9511,4.3419,2232.8827,0.0887,validation
P052,English,0,185.7042,44.015,4.7545,0.1913,0.6683,0.1796,-12.9824,4.0367,2333.6427,0.0787,train
P052,Malayalam,0,174.4369,41.0276,4.856,0.1785,0.6037,0.1533,-12.4199,4.0602,2405.347,0.0868,train
P053,English,1,162.704,36.6281,4.1873,0.2102,0.5055,0.1219,-12.5998,3.3023,2199.246,0.0767,train
P053,Malayalam,1,169.9725,37.822,4.4117,0.2365,0.5531,0.1473,-11.1113,4.1798,2130.9569,0.0737,train
P054,English,1,153.8952,37.173,4.2429,0.2381,0.5407,0.1457,-10.3054,4.6759,2194.9283,0.071,train
P054,Malayalam,1,165.516,35.938,4.3506,0.251,0.5297,0.1219,-10.7873,3.1203,2167.0569,0.0861,train
P055,English,1,160.8172,35.5492,4.1159,0.2616,0.539,0.1574,-11.1858,4.3997,2088.7672,0.0818,test
P055,Malayalam,1,157.9706,36.9009,4.1928,0.2375,0.5566,0.1465,-10.1752,4.6685,2210.441,0.0748,test
P056,English,1,160.6248,37.0467,4.1787,0.2743,0.5491,0.1378,-9.8451,2.8147,1898.7308,0.0818,test
P056,Malayalam,1,163.511,37.5009,4.0697,0.2497,0.5901,0.1482,-10.5142,3.6805,2044.4884,0.0642,test
P057,English,0,184.1549,38.8488,4.7137,0.1626,0.5959,0.1605,-13.6675,4.8071,2267.847,0.0835,test
P057,Malayalam,0,171.0001,40.0072,4.9978,0.1383,0.6113,0.1482,-11.2063,4.1624,2236.3559,0.0884,test
P058,English,0,184.6969,42.7521,4.6691,0.1979,0.601,0.1544,-12.0178,3.7186,2220.5893,0.0908,test
P058,Malayalam,0,186.8304,38.8222,4.8732,0.1911,0.5731,0.1493,-11.1488,4.635,2237.0774,0.0962,test
P059,English,0,184.0372,47.4215,4.7914,0.168,0.6307,0.1644,-12.4214,3.9838,2407.886,0.087,train
P059,Malayalam,0,178.6265,43.8319,4.8071,0.1762,0.6341,0.1471,-11.5679,5.4565,2241.956,0.0827,train
P060,English,0,176.8373,41.4921,4.718,0.1937,0.5767,0.1686,-12.3037,4.6885,2098.5711,0.093,train
P060,Malayalam,0,183.6112,43.9192,4.5474,0.1924,0.6301,0.1439,-11.8694,4.6823,2250.0468,0.0861,train
P061,English,1,168.7681,39.4521,3.8345,0.2452,0.5359,0.1225,-10.7247,4.5244,1982.2089,0.079,train
P061,Malayalam,1,159.3604,35.6562,4.4862,0.2419,0.5516,0.1213,-9.1601,4.2013,2063.575,0.0805,train
P062,English,0,180.5007,41.352,4.6989,0.1726,0.6055,0.1669,-11.7953,4.8259,2199.2085,0.0881,train
P062,Malayalam,0,174.2451,46.4595,4.4943,0.1989,0.6542,0.1515,-10.0666,4.9977,2287.4025,0.0852,train
P063,English,0,178.5107,42.7811,4.9993,0.1827,0.5972,0.1682,-11.2631,4.8273,2267.0949,0.0834,validation
P063,Malayalam,0,175.7824,40.2636,4.5438,0.1836,0.6179,0.1556,-14.2145,3.8763,2300.8757,0.081,validation
P064,English,1,157.519,39.8774,4.2464,0.2544,0.5981,0.1552,-11.0453,3.6034,2050.7009,0.0801,train
P064,Malayalam,1,162.8109,36.2095,4.4881,0.2483,0.5975,0.1409,-9.2217,4.0787,2166.6665,0.0727,train
P065,English,1,161.2775,38.9771,4.2134,0.2307,0.506,0.1257,-12.2141,3.9547,2181.254,0.0769,train
P065,Malayalam,1,150.5471,36.6185,4.1829,0.2814,0.5036,0.1361,-9.2853,4.125,2130.6982,0.0777,train
P066,English,0,184.1003,40.381,4.9482,0.1594,0.6282,0.1618,-12.493,4.4887,2143.9714,0.0786,train
P066,Malayalam,0,179.7254,39.792,4.8649,0.1627,0.6378,0.1482,-12.303,4.1877,2319.2632,0.087,train
P067,English,0,181.3597,37.7856,4.7829,0.21,0.6233,0.1607,-11.5615,4.9478,2020.228,0.0749,validation
P067,Malayalam,0,180.356,40.5702,4.9862,0.1753,0.5716,0.1473,-14.0497,4.3829,2183.0454,0.0825,validation
P068,English,0,188.0307,41.6592,4.5337,0.1893,0.6339,0.1631,-11.2148,3.9176,2380.788,0.0792,test
P068,Malayalam,0,186.3835,38.6253,4.7144,0.2027,0.6135,0.1684,-11.6604,4.4475,2322.7465,0.0836,test
P069,English,0,171.4448,43.1024,4.7703,0.1565,0.6019,0.1542,-12.2924,3.812,2143.4466,0.0806,train
P069,Malayalam,0,177.8939,43.6182,4.6891,0.1741,0.6235,0.1518,-12.7675,4.0299,2142.8668,0.078,train
P070,English,0,183.405,38.8258,4.8119,0.1767,0.6285,0.1599,-13.1629,3.8688,2202.6481,0.0912,train
P070,Malayalam,0,171.7794,42.6915,4.9865,0.1777,0.6338,0.153,-11.9455,3.6895,1989.0091,0.0907,train
P071,English,0,175.2229,39.2271,4.5393,0.1774,0.6018,0.1638,-11.638,4.6604,2221.4741,0.0945,train
P071,Malayalam,0,172.9246,41.8901,4.9207,0.199,0.5845,0.1569,-10.7635,4.754,2217.5737,0.0837,train
P072,English,0,180.0015,41.4953,4.7744,0.1812,0.603,0.1653,-9.6686,3.6115,2229.1611,0.0804,test
P072,Malayalam,0,181.3082,42.0931,4.8951,0.1976,0.6248,0.1713,-13.7254,5.2952,2233.7556,0.0915,test
P073,English,1,155.0173,37.2919,4.1865,0.2542,0.5671,0.1223,-10.0209,3.9041,2061.6596,0.0682,validation
P073,Malayalam,1,160.5026,32.1718,4.2863,0.2276,0.5413,0.1388,-9.7144,3.8107,2017.5275,0.074,validation
P074,English,0,185.9638,41.2287,4.8282,0.1565,0.6297,0.1424,-11.3986,4.5643,2414.8257,0.0784,train
P074,Malayalam,0,183.558,45.5966,5.0424,0.1696,0.6256,0.16,-11.6244,4.1507,2191.9612,0.0754,train
P075,English,0,182.2055,41.5452,4.5645,0.1948,0.6291,0.1527,-12.2245,3.7497,2107.7131,0.0818,train
P075,Malayalam,0,185.4691,40.721,4.9028,0.1719,0.6262,0.1586,-11.1516,4.2326,2058.4725,0.0767,train
P076,English,0,173.4081,42.8204,4.7035,0.2156,0.5766,0.162,-12.9024,4.2533,2212.7278,0.071,train
P076,Malayalam,0,179.5017,45.8058,4.7054,0.1839,0.6456,0.1584,-12.3148,3.3621,2257.6892,0.0843,train
P077,English,0,177.4683,40.8326,4.6701,0.1891,0.5865,0.1705,-13.1181,4.1686,2373.0652,0.0918,train
P077,Malayalam,0,177.5024,40.1189,4.67,0.1811,0.6209,0.1591,-11.8747,4.3928,2070.2219,0.0819,train
P078,English,1,159.2705,36.6209,4.1728,0.2517,0.5303,0.1548,-10.3947,3.2441,2140.4105,0.0724,validation
P078,Malayalam,1,162.5859,37.6276,4.222,0.2634,0.5206,0.1338,-11.1751,3.6172,2178.9272,0.0808,validation
P079,English,0,194.2004,39.9386,4.8961,0.1624,0.6006,0.1537,-12.8457,3.9741,2187.0144,0.0777,train
P079,Malayalam,0,188.6483,40.1645,5.3069,0.1732,0.6218,0.147,-10.4851,5.0598,2226.7224,0.0769,train
P080,English,1,158.1463,39.9247,4.3819,0.2514,0.4791,0.1302,-10.2498,4.5064,2179.8253,0.0674,train
P080,Malayalam,1,163.9882,39.031,4.0118,0.2499,0.5468,0.137,-12.1317,3.7372,2050.5425,0.0761,train
P081,English,1,158.5375,36.9206,4.2882,0.2454,0.5298,0.1409,-12.3367,4.1385,2079.9493,0.0772,train
P081,Malayalam,1,164.3025,33.0944,3.9258,0.2541,0.5398,0.1417,-11.0197,4.2322,2163.9375,0.0799,train
P082,English,0,170.7868,43.5385,4.9702,0.1897,0.598,0.1667,-11.3116,5.2794,2121.1501,0.0836,train
P082,Malayalam,0,182.3566,42.1148,4.6194,0.1862,0.6345,0.1609,-11.6743,4.3706,2333.0451,0.0796,train
P083,English,1,160.282,38.7579,3.996,0.2303,0.4891,0.1403,-11.6946,3.7077,2139.524,0.0732,train
P083,Malayalam,1,161.3132,36.4013,4.3215,0.2571,0.5227,0.1383,-9.815,4.0967,1954.2734,0.0809,train
P084,English,0,182.3962,44.0482,4.7893,0.1824,0.6148,0.1668,-12.2966,4.6178,2278.4741,0.0816,test
P084,Malayalam,0,174.4314,39.6113,4.5861,0.1526,0.6382,0.1781,-10.7097,3.687,2265.2369,0.0935,test
P085,English,0,179.0354,37.9842,4.8172,0.164,0.625,0.1444,-11.5657,5.0123,2129.5138,0.0782,validation
P085,Malayalam,0,170.1555,41.4672,4.6899,0.1567,0.6313,0.1555,-12.7106,4.2227,2296.4174,0.0886,validation
P086,English,0,182.0863,39.6782,4.7984,0.1822,0.6083,0.1644,-12.6243,4.7549,2249.6673,0.0675,test
P086,Malayalam,0,184.5211,35.9047,4.7011,0.1954,0.6121,0.1453,-12.725,5.0135,2027.0646,0.0918,test
P087,English,1,157.0651,35.8338,4.0947,0.263,0.5583,0.1228,-11.1229,3.4684,2196.4159,0.0689,train
P087,Malayalam,1,168.4016,36.9334,4.073,0.2398,0.52,0.1273,-10.5741,3.286,1883.767,0.0747,train
P088,English,0,171.5828,40.1818,4.5792,0.21,0.6214,0.1625,-13.4211,4.173,2219.3772,0.0789,train
P088,Malayalam,0,178.3737,39.5946,4.6669,0.1712,0.6241,0.1536,-12.0667,4.3819,2133.9051,0.0879,train
P089,English,0,180.3607,41.1391,4.9314,0.1765,0.6123,0.161,-10.6427,3.8298,2269.2871,0.0736,train
P089,Malayalam,0,181.7343,45.1502,4.8852,0.1826,0.606,0.1603,-12.0517,4.107,2173.9112,0.0862,train
P090,English,0,174.4732,39.2795,4.8202,0.1882,0.6258,0.1697,-11.9297,4.696,2227.3454,0.0845,train
P090,Malayalam,0,175.7251,46.4283,4.6938,0.17,0.6309,0.1625,-12.9738,5.0613,2191.5225,0.0783,train
P091,English,0,186.0691,39.4709,5.126,0.1899,0.6197,0.1759,-11.8726,4.486,2140.573,0.0885,train
P091,Malayalam,0,185.6228,42.0294,4.7409,0.1819,0.6183,0.1467,-13.0274,4.7826,1965.8301,0.0862,train
P092,English,1,165.7987,36.0131,4.325,0.244,0.5428,0.1474,-11.17,4.3983,1990.5672,0.0788,train
P092,Malayalam,1,164.4063,38.3201,4.5136,0.2385,0.5055,0.1301,-10.1216,4.149,2089.2031,0.0703,train
P093,English,0,177.4018,44.3179,5.267,0.1855,0.6346,0.1551,-13.4482,4.1986,2101.6394,0.0763,train
P093,Malayalam,0,189.34,42.5457,4.8953,0.1754,0.6157,0.1696,-11.8759,4.7653,2182.3596,0.0829,train
P094,English,0,167.8683,41.4769,4.7381,0.1607,0.6191,0.1605,-13.7248,4.0424,2236.6538,0.0873,train
P094,Malayalam,0,171.3146,42.3169,4.883,0.1917,0.6176,0.1553,-12.3535,4.7339,2217.5594,0.0888,train
P095,English,0,183.6707,42.1892,4.9243,0.1931,0.5999,0.1419,-10.7652,4.6283,2045.6963,0.0807,train
P095,Malayalam,0,183.6331,41.4406,4.7298,0.201,0.5938,0.152,-11.6809,4.6952,2244.6709,0.0905,train
P096,English,1,164.5533,36.4816,4.2693,0.2516,0.5454,0.1477,-10.3559,3.9221,2007.1787,0.0774,train
P096,Malayalam,1,162.6337,37.3864,4.5909,0.2421,0.5506,0.1507,-10.5716,5.0689,2045.9765,0.0789,train
P097,English,0,176.1975,42.4979,4.887,0.1848,0.6515,0.1591,-12.2657,5.852,2235.4814,0.0807,validation
P097,Malayalam,0,174.9765,40.1146,4.9005,0.1745,0.6232,0.1594,-11.2648,4.0766,2103.1985,0.0863,validation
P098,English,0,183.133,40.3811,4.9317,0.1688,0.607,0.1506,-10.9591,4.8167,2254.4494,0.0925,test
P098,Malayalam,0,193.2035,38.5815,4.7193,0.1708,0.5987,0.1492,-12.0897,3.8917,2230.1538,0.0853,test
P099,English,0,183.474,43.206,4.768,0.2118,0.6259,0.1414,-12.8019,3.6297,2201.5601,0.0843,train
P099,Malayalam,0,179.7194,46.0219,4.9064,0.1909,0.5967,0.15,-11.8206,4.5865,2032.932,0.0839,train
P100,English,1,161.1816,35.3732,4.1698,0.2473,0.5423,0.146,-9.9353,3.7528,2038.9459,0.0796,train
P100,Malayalam,1,164.6356,36.1316,4.3693,0.2647,0.5723,0.1578,-11.3431,3.9069,2081.015,0.0764,train
P101,English,1,154.11,37.1854,4.1023,0.2513,0.5201,0.129,-10.6126,3.9755,2132.1354,0.0901,train
P101,Malayalam,1,161.3114,37.9702,4.0559,0.2307,0.5796,0.1308,-11.4852,3.8805,2071.8827,0.0716,train
P102,English,1,166.0026,35.388,4.0257,0.2641,0.5523,0.1338,-12.0657,3.5277,2075.0766,0.084,train
P102,Malayalam,1,157.0888,36.831,4.336,0.2143,0.5658,0.1282,-10.3844,4.0233,2177.6128,0.0803,train
P103,English,0,169.729,42.2764,4.6519,0.1872,0.6397,0.1661,-12.1714,3.5768,2159.0067,0.0875,train
P103,Malayalam,0,168.6563,43.2625,4.8174,0.1819,0.5434,0.1472,-10.341,4.2267,2021.4271,0.0924,train
P104,English,1,166.4598,37.5539,4.3195,0.2554,0.5574,0.1628,-10.0232,3.1098,2120.1995,0.0838,validation
P104,Malayalam,1,167.0009,36.1468,4.4254,0.2639,0.6043,0.1325,-11.0559,3.7469,2035.88,0.0717,validation
P105,English,1,151.9732,37.7387,4.0379,0.279,0.5403,0.1529,-10.5909,4.3132,2105.1317,0.0852,train
P105,Malayalam,1,154.0857,37.9922,4.1668,0.2457,0.5501,0.1623,-10.8663,4.1097,2193.2001,0.0838,train
P106,English,1,152.5016,38.0334,3.9177,0.272,0.5442,0.15,-11.5217,3.1237,2103.4679,0.0768,train
P106,Malayalam,1,160.219,37.1693,4.6657,0.2625,0.5662,0.1484,-9.4664,3.805,1895.0715,0.0759,train
P107,English,0,178.556,41.6473,4.7368,0.2025,0.6387,0.1665,-11.5027,4.4814,2217.7801,0.0779,train
P107,Malayalam,0,173.8394,42.3002,4.8892,0.1981,0.6593,0.1757,-12.6484,4.3239,2243.2301,0.1002,train
P108,English,0,188.9179,41.2244,4.7415,0.1918,0.5925,0.1576,-12.0918,5.2965,2168.0772,0.0704,train
P108,Malayalam,0,186.6081,40.602,4.8804,0.1787,0.6132,0.1679,-13.0763,4.2415,2261.5634,0.0813,train
P109,English,0,177.8478,44.2462,4.7128,0.1506,0.6376,0.1434,-11.753,4.0563,2095.6145,0.0823,validation
P109,Malayalam,0,174.5904,40.7116,4.8079,0.1733,0.6445,0.1628,-12.408,4.067,2051.7253,0.0867,validation
P110,English,1,151.4475,35.9286,4.0971,0.2736,0.4974,0.1256,-9.912,4.5784,2012.9515,0.0732,train
P110,Malayalam,1,163.5512,32.3458,3.9531,0.2458,0.5787,0.1356,-10.5693,4.4669,2269.6196,0.0735,train
P111,English,0,187.2377,38.9556,4.9533,0.1647,0.6226,0.1576,-12.7664,4.0084,2224.8773,0.091,train
P111,Malayalam,0,179.5805,42.1402,4.8848,0.1654,0.6385,0.1682,-9.7671,4.3119,2158.7726,0.0896,train
P112,English,0,180.317,41.1937,4.9221,0.1676,0.6097,0.1609,-11.2032,4.1977,2034.1854,0.0735,train
P112,Malayalam,0,177.5697,39.3737,4.8178,0.1622,0.6024,0.1523,-12.2024,5.1613,2259.5753,0.0851,train
P113,English,0,176.884,42.6555,4.8646,0.1664,0.6209,0.1397,-11.8306,4.8811,2174.7938,0.0959,train
P113,Malayalam,0,175.242,42.4349,4.7716,0.1785,0.6171,0.1611,-11.1716,5.1889,2199.7975,0.0899,train
P114,English,0,180.9585,40.476,4.9285,0.2132,0.6169,0.1381,-12.4385,5.1159,2249.7769,0.0865,train
P114,Malayalam,0,182.0794,42.9689,4.9476,0.1938,0.658,0.1636,-11.1258,4.3464,2145.8685,0.0952,train
P115,English,0,183.8681,42.2475,4.7228,0.1802,0.6559,0.1656,-13.3692,4.3924,2360.4064,0.0837,test
P115,Malayalam,0,173.5967,45.7861,4.9132,0.1789,0.6107,0.1708,-12.2836,5.0741,2248.7976,0.0865,test
P116,English,1,161.7367,39.0913,4.1275,0.2257,0.5554,0.1463,-10.4158,4.1039,2051.1514,0.0817,train
P116,Malayalam,1,162.4043,36.0258,4.2105,0.2803,0.4966,0.145,-11.9933,3.8459,2040.9735,0.0645,train
P117,English,1,161.647,32.8016,4.3954,0.2715,0.5773,0.1436,-10.7632,4.5641,2231.4145,0.0838,train
P117,Malayalam,1,159.551,37.4027,4.3354,0.2229,0.5517,0.1627,-10.1381,4.6367,2096.4623,0.0766,train
P118,English,1,159.8805,35.0724,4.459,0.2706,0.5152,0.1497,-10.8696,4.0699,2121.4197,0.083,train
P118,Malayalam,1,163.6247,39.8203,4.3155,0.2594,0.5192,0.1616,-10.2741,4.2565,1935.2633,0.0721,train
P119,English,0,184.8612,38.1724,5.0176,0.1718,0.6553,0.1591,-11.8362,5.0895,2119.2256,0.079,train
P119,Malayalam,0,183.0777,43.6543,4.6623,0.155,0.6406,0.154,-12.1638,3.5716,2138.8919,0.085,train
P120,English,1,161.7062,40.3148,4.1938,0.2398,0.5784,0.1421,-11.2416,3.8224,2201.7766,0.0858,train
P120,Malayalam,1,161.674,36.9151,4.31,0.2352,0.5386,0.1401,-9.7378,4.5037,2050.3712,0.0757,train
